Country Name,2000,2001,2002,2003,2004,2005,2006,2007,2008,2009,2010,2011,2012,2013,2014,2015
Afghanistan,19542982,19688632,21000256,22645130,23553551,24411191,25442944,25903301,26427199,27385307,28189672,29249157,30466479,31541209,32716210,33753499
Africa Eastern and Southern,401600588,412001885,422741118,433807484,445281555,457153837,469508516,482406426,495748900,509410477,523459657,537792950,552530654,567892149,583651101,600008424
Africa Western and Central,269611898,277160097,284952322,292977949,301265247,309824829,318601484,327612838,336893835,346475221,356337762,366489204,376797999,387204553,397855507,408690375
Albania,3089027,3060173,3051010,3039616,3026939,3011487,2992547,2970017,2947314,2927519,2913021,2905195,2900401,2895092,2889104,2880703
Algeria,30774621,31200985,31624696,32055883,32510186,32956690,33435080,33983827,34569592,35196037,35856344,36543541,37260563,38000626,38760168,39543154
American Samoa,58230,58324,58177,57941,57626,57254,56837,56383,55891,55366,54849,54310,53691,52995,52217,51368
Andorra,66097,67820,70849,73907,76933,79826,80221,78168,76055,73852,71519,70567,71013,71367,71621,71746
Angola,16394062,16941587,17516139,18124342,18771125,19450959,20162340,20909684,21691522,22507674,23364185,24259111,25188292,26147002,27128337,28127721
Antigua and Barbuda,75055,76215,77195,78075,78941,79869,80895,82016,83251,84534,85695,86729,87674,88497,89236,89941
Arab World,287065982,293512340,300018650,306573087,313249616,320558754,328703057,337498222,346630443,355754908,364427661,372351065,380383408,389131555,397922915,406501999
Argentina,37070774,37480493,37885028,38278164,38668796,39070501,39476851,39876111,40273769,40684338,40788453,41261490,41733271,42202935,42669500,43131966
Armenia,3168523,3133133,3105037,3084102,3065745,3047246,3026486,3004393,2983421,2964296,2946293,2928976,2914421,2901385,2889930,2878595
Aruba,89101,90691,91781,92701,93540,94483,95606,96787,97996,99212,100341,101288,102112,102880,103594,104257
Australia,19028802,19274701,19495210,19720737,19932722,20176844,20450966,20827622,21249199,21691653,22031750,22340024,22733465,23128129,23475686,23815995
Austria,8011566,8042293,8081957,8121423,8171966,8227829,8268641,8295487,8321496,8343323,8363404,8391643,8429991,8479823,8546356,8642699
Azerbaijan,8048600,8111200,8171950,8234100,8306500,8391850,8484550,8581300,8763400,8947243,9054332,9173082,9295784,9416801,9535079,9649341
Bahamas,325014,329626,334002,338490,343089,347804,352664,357666,362795,368057,373272,377950,382061,385650,389131,392697
Bahrain,711442,730257,748324,778256,833451,901921,970981,1040532,1110343,1179453,1213645,1212077,1224939,1261673,1311134,1362142
Bangladesh,129193327,131670484,134139826,136503206,138789725,140912590,142628831,144135934,145421318,146706810,148391139,150211005,152090649,154030139,155961299,157830000
Barbados,264657,265377,266455,267499,268505,269477,270425,271444,272635,273791,274711,275486,276197,276865,277493,278083
Belarus,9979610,9928549,9865548,9796749,9730146,9663915,9604924,9560953,9527985,9504583,9483836,9461643,9446836,9443211,9448515,9461076
Belgium,10251250,10286570,10332785,10376133,10421137,10478617,10547958,10625700,10709973,10796493,10895586,11038264,11106932,11159407,11209057,11274196
Belize,240406,248100,255987,263998,272128,280375,288729,297173,305671,314171,322106,329538,337059,344688,352335,359871
Benin,6998023,7212041,7431783,7659208,7894554,8149419,8402631,8647761,8906469,9172514,9445710,9726380,10014078,10308730,10614844,10932783
Bermuda,61833,62504,62912,63325,63740,64154,64523,64888,65273,65636,65124,64564,64798,65001,65138,65237
Bhutan,587207,603234,619048,634627,649991,663323,673260,681614,689737,697678,705516,713331,721145,728889,736357,743274
Bolivia (Plurinational State of),8592656,8746084,8900583,9057378,9216279,9377388,9542663,9711152,9880593,10051317,10223270,10396246,10569697,10743349,10916987,11090085
Bosnia and Herzegovina,4179350,4194932,4198410,4183757,4142860,4094297,4058086,4007876,3943392,3877750,3811088,3743142,3674374,3617559,3571068,3524324
Botswana,1726985,1761930,1795130,1826863,1859085,1892807,1928704,1966977,2007320,2048997,2091664,2134037,2175425,2217278,2260376,2305171
Brazil,175873720,178211881,180476685,182629278,184722043,186797334,188820682,190779453,192672317,194517549,196353492,198185302,199977707,201721767,203459650,205188205
British Virgin Islands,20104,20657,21288,21982,22715,23497,24323,25191,26115,27044,27556,27962,28421,28657,28971,29366
Brunei Darussalam,333926,340748,347463,354045,360461,366717,372808,378748,384568,390311,396053,401506,406634,411702,416656,421437
Bulgaria,8170172,8009142,7837161,7775327,7716860,7658972,7601022,7545338,7492561,7444443,7395599,7348328,7305888,7265115,7223938,7177991
Burkina Faso,11882888,12249764,12632269,13030591,13445977,13876127,14316242,14757074,15197915,15650022,16116845,16602651,17113732,17636408,18169842,18718019
Burundi,6307659,6465729,6648938,6860846,7120496,7388874,7658190,7944609,8278109,8709366,9126605,9455733,9795479,10149577,10494913,10727148
Cabo Verde,458251,465958,473231,480089,486583,492827,498884,504733,510336,515638,521212,527521,533864,539940,546076,552166
Cambodia,12118841,12338192,12561779,12787710,13016371,13246583,13477779,13714791,13943888,14155740,14363532,14573885,14786640,14999683,15210817,15417523
Cameroon,15091594,15493253,15914033,16354326,16809407,17275171,17751333,18251866,18777081,19319274,19878036,20448873,21032684,21632850,22299585,23012646
Canada,30685730,31020902,31360079,31644028,31940655,32243753,32571174,32889025,33247118,33628895,34004889,34339328,34714222,35082954,35437435,35702908
Caribbean small states,6582141,6626803,6671842,6716747,6760372,6802474,6844183,6884705,6923924,6964240,7004428,7044357,7088996,7135884,7181044,7224602
Cayman Islands,39658,41054,42456,43862,45286,46727,48177,49647,51123,52602,54074,55492,56860,58212,59559,60911
Central African Republic,3759170,3844773,3930648,4026841,4115138,4208834,4294352,4375569,4467233,4564540,4660067,4732022,4773306,4802428,4798734,4819333
Central Europe and the Baltics,108447824,107660041,106959751,106624167,106331716,106041911,105772481,105378748,105001883,104800475,104421447,104174038,103935318,103713726,103496179,103257886
Chad,8259137,8538804,8838369,9196366,9613503,10005012,10365614,10722731,11098664,11496128,11894727,12317730,12754906,13216766,13697126,14140274
Channel Islands,145306,146044,147167,148341,149538,150763,151985,153225,154475,155721,156933,157819,158621,159794,160912,162190
Chile,15351799,15523978,15693790,15859112,16017966,16175311,16334575,16495538,16661462,16833447,17004162,17173573,17341771,17509925,17687108,17870124
China,1262645000,1271850000,1280400000,1288400000,1296075000,1303720000,1311020000,1317885000,1324655000,1331260000,1337705000,1345035000,1354190000,1363240000,1371860000,1379860000
Colombia,39215135,39837875,40454050,41057687,41648268,42220940,42772910,43306582,43815313,44313917,44816108,45308899,45782417,46237930,46677947,47119728
Comoros,536758,547741,559047,570130,581154,592683,604658,616899,629470,642493,656024,670071,684553,699393,714612,730216
Congo,48616317,50106657,51662071,53205639,54815607,56550247,58381630,60289422,62249724,64270232,66391257,68654269,70997870,73460021,76035588,78656904
Democratic Republic of the Congo,3134030,3254101,3331158,3424653,3543012,3672839,3813323,3956329,4089602,4257230,4437884,4584216,4713257,4828066,4944861,5064386
Costa Rica,3979193,4053222,4122623,4188610,4252800,4315887,4378172,4440019,4501921,4563127,4622252,4679926,4736593,4791535,4844288,4895242
Côte d'Ivoire,16799670,17245468,17683897,18116451,18544903,18970215,19394057,19817700,20244449,20677762,21120042,21562914,22010712,22469268,22995555,23596741
Croatia,4468302,4299642,4302174,4303399,4304600,4310145,4311159,4310217,4309705,4305181,4295427,4280622,4267558,4255689,4238389,4203604
Cuba,11105791,11139127,11170051,11199217,11225294,11246114,11260630,11269887,11276609,11283185,11290417,11298710,11309290,11321579,11332026,11339894
Curacao,133860,129047,129205,131897,134192,137658,141239,144056,145880,146833,148703,150831,152088,153822,155909,157980
Cyprus,948237,964830,982194,1000350,1018684,1037062,1055438,1073873,1092390,1110974,1129686,1145086,1156556,1166968,1176995,1187280
Czechia,10255063,10216605,10196916,10193998,10197101,10211216,10238905,10298828,10384603,10443936,10474410,10496088,10510785,10514272,10525347,10546059
Denmark,5339616,5358783,5375931,5390574,5404523,5419432,5437272,5461438,5493621,5523095,5547683,5570572,5591572,5614932,5643475,5683483
Djibouti,742033,765490,789129,806411,818373,830861,846947,865196,882886,901103,919199,936811,954297,971753,989087,1006259
Dominica,68346,68153,68262,68442,68574,68674,68742,68775,68782,68787,68755,68742,68888,68819,69371,70007
Dominican Republic,8540791,8669040,8795101,8919852,9043127,9164768,9284168,9402206,9522948,9648061,9775755,9903737,10030882,10157051,10282115,10405832
Early-demographic dividend,2499206970,2545843129,2591204247,2635731526,2680567394,2725013738,2769421149,2814101547,2857856055,2901516356,2946338808,2991353712,3035261244,3078835706,3122586392,3166642585
East Asia & Pacific,2048148696,2066530023,2083969920,2100610344,2116651449,2132517760,2148405823,2164155292,2179914111,2195169711,2210203758,2225992094,2243776727,2261274500,2278232287,2294507020
East Asia & Pacific (excluding high income),1817006555,1834101877,1850472928,1866240858,1881561559,1896788261,1911721676,1926306467,1940768141,1955042105,1969186913,1984267781,2001264155,2018068461,2034264880,2049757846
East Asia & Pacific (IDA & IBRD countries),1793649873,1810599718,1826844868,1842469495,1857622964,1872697597,1887496209,1901960228,1916309337,1930470829,1944510719,1959494275,1976386829,1993077336,2009149689,2024511016
Ecuador,12626507,12845521,13070609,13301184,13534593,13770012,14009061,14251835,14496797,14742766,14989585,15237728,15483883,15722989,15957994,16195902
Egypt,71371371,72854261,74393759,75963322,77522427,79075310,80629670,82218755,83844783,85501064,87252413,89200054,91240376,93377890,95592324,97723799
El Salvador,5958482,5988095,6011275,6026849,6035655,6037817,6034436,6044131,6068099,6091188,6114034,6137349,6161289,6185642,6209526,6231066
Equatorial Guinea,684977,719270,754115,789681,826355,864726,905418,948814,994971,1043686,1094524,1144588,1193636,1243941,1295183,1346973
Eritrea,2392880,2461927,2547424,2653390,2763140,2831732,2880093,2926168,3005779,3083888,3147727,3207570,3252596,3296367,3323425,3340006
Estonia,1396985,1388115,1379350,1370720,1362550,1354775,1346810,1340680,1337090,1334515,1331475,1327439,1322696,1317997,1314545,1315407
Swaziland,1030496,1041396,1050809,1058797,1065764,1071886,1077735,1084008,1089870,1094886,1099920,1105371,1111444,1118319,1125865,1133936
Ethiopia,67031867,69018932,71073215,73168838,75301026,77469940,79691050,81996185,84357105,86755585,89237791,91817929,94451280,97084366,99746766,102471895
Euro area,321324622,322562386,324141533,325904835,327702192,329398861,330939600,332660837,334290264,335377620,336171621,335442349,336183135,337328817,338486932,339514675
Europe & Central Asia,862786211,863909133,865474170,867701442,870270838,872913705,875627934,878767025,882357452,885846236,889222824,891279641,894762079,899035925,903601049,908123143
Europe & Central Asia (excluding high income),370646199,370739184,370807684,371072025,371533136,372077135,372780224,373795966,375281256,377054106,379132241,381278903,383476086,386051693,388842371,391695432
Europe & Central Asia (IDA & IBRD countries),435816101,435418872,435070718,435154320,435471706,435872410,436426410,437109725,438254595,439878377,441717333,443770308,445864843,448331271,451001474,453701064
European Union,429342455,429910140,430898141,432434810,434059923,435600393,437014860,438484072,439892213,440934530,441552554,440769682,441419873,442496175,443601373,444570054
Faroe Islands,45660,46245,46813,47392,47989,48291,48313,48361,48411,48429,48410,48386,48392,48418,48465,48816
Fiji,832509,841320,849891,858306,866694,874923,883083,890648,896731,901383,905169,908355,911059,913453,915560,917200
Finland,5176209,5188008,5200598,5213014,5228172,5246096,5266268,5288720,5313399,5338871,5363352,5388272,5413971,5438972,5461512,5479531
Fragile and conflict affected situations,612395529,626177896,641576379,657778626,673751123,690141498,706884119,723581503,741028426,759511035,778427274,797489095,817111040,837103087,856705624,876118480
France,60921384,61367388,61816234,62256970,62716306,63188395,63628261,64021737,64379696,64710879,65030575,65345233,65662240,66002289,66312067,66548272
French Polynesia,250927,255049,259137,263173,267132,271060,274901,278178,280558,282283,283788,285265,286584,288032,289873,291787
Gabon,1272935,1306590,1341696,1378398,1417110,1458353,1502534,1549774,1599978,1653542,1711105,1772500,1836705,1902226,1966855,2028517
Gambia,1437539,1479449,1522223,1566257,1612225,1660368,1711294,1764883,1820542,1878119,1937275,1998212,2061014,2124869,2189019,2253133
Georgia,4077131,4014373,3978515,3951736,3927340,3902469,3880347,3860158,3848449,3814419,3786695,3756441,3728874,3717668,3719414,3725276
Germany,82211508,82349925,82488495,82534176,82516260,82469422,82376451,82266372,82110097,81902307,81776930,80274983,80425823,80645605,80982500,81686611
Ghana,19665502,20195577,20758326,21329514,21906444,22496951,23098586,23708320,24326087,24950762,25574719,26205941,26858762,27525597,28196358,28870939
Gibraltar,27741,27721,27892,28301,28716,29155,29587,29996,30398,30819,31262,31701,32160,32411,32452,32520
Greece,10805808,10862132,10902022,10928070,10955141,10987314,11020362,11048473,11077841,11107017,11121341,11104899,11045011,10965211,10892413,10820883
Greenland,56200,56350,56609,56765,56911,56935,56774,56555,56328,56323,56905,56890,56810,56483,56295,56114
Grenada,107432,107936,108231,108740,109516,110254,110988,111725,112478,113249,114039,114918,115912,116945,117972,118980
Guam,160188,161524,162563,163385,164004,164430,164675,164763,164725,164580,164905,165649,166392,167054,167543,167978
Guatemala,11589761,11871565,12147518,12415334,12682108,12948292,13213330,13477017,13739299,14000190,14259687,14521515,14781942,15043981,15306316,15567419
Guinea,8336967,8445717,8577790,8772254,8961039,9140114,9330625,9547082,9779785,10021323,10270728,10527712,10788692,11055430,11333365,11625998
Guinea-Bissau,1230849,1257380,1285678,1315653,1347009,1379713,1414091,1450572,1488431,1527196,1567220,1609017,1652717,1697753,1743309,1788919
Guyana,759051,759809,760323,760562,760424,759709,758367,756521,754150,751258,747932,744230,743966,747420,751115,755031
Haiti,8360225,8511728,8661546,8812245,8961489,9111900,9266288,9420826,9575247,9730638,9842880,9954312,10108539,10261206,10412740,10563757
Heavily indebted poor countries (HIPC),475127894,488040621,502494432,517663749,532571131,547936900,563930944,579864063,596301357,613535903,630953183,648927117,667520863,686620331,706617213,727129254
High income,1102139639,1108870086,1115681856,1122515138,1129571825,1136981371,1145510251,1154791752,1164409232,1173066945,1180459116,1185474102,1192042103,1198818424,1205686277,1212444178
Honduras,6656725,6837861,7019908,7201881,7383407,7564613,7745200,7924462,8101777,8277302,8450933,8622504,8792367,8960657,9127846,9294505
"Hong Kong SAR, China",6665000,6714300,6744100,6730800,6783500,6813200,6857100,6916300,6957800,6972800,7024200,7071600,7150100,7178900,7229500,7291300
Hungary,10210971,10187576,10158608,10129552,10107146,10087065,10071370,10055780,10038188,10022650,10000023,9971727,9920362,9893082,9866468,9843028
IBRD only,3980362565,4027427875,4073344085,4118689510,4164013241,4208938572,4252600296,4295135714,4338335015,4382233995,4425837971,4471134545,4519075289,4568406106,4617515110,4665080901
Iceland,281205,284968,287523,289521,292074,296734,303782,311566,317414,318499,318041,319014,320716,323764,327386,330815
IDA & IBRD total,5093905754,5168706338,5243283354,5317576423,5391795246,5465994258,5539726956,5612900975,5686803916,5762172064,5838773450,5917666583,5998533722,6079930346,6161220418,6241658900
IDA blend,370910722,381142622,390704440,399995493,409622323,419337831,429250772,439576756,450269469,461410153,473204510,484919898,495868522,506443358,516900084,527175885
IDA only,742632467,760135841,779234829,798891420,818159682,837717855,857875888,878188505,898199432,918527916,939730969,961612140,983589911,1005080882,1026805224,1049402114
IDA total,1113543189,1141278463,1169939269,1198886913,1227782005,1257055686,1287126660,1317765261,1348468901,1379938069,1412935479,1446532038,1479458433,1511524240,1543705308,1576577999
India,1059633675,1078970907,1098313039,1117415123,1136264583,1154638713,1172373788,1189691809,1206734806,1223640160,1240613620,1257621191,1274487215,1291132063,1307246509,1322866505
Indonesia,214072421,217112437,220115092,223080121,225938595,228805144,231797427,234858289,237936543,240981299,244016173,247099697,250222695,253275918,256229761,259091970
Iran (Islamic Republic of),65544383,66674851,67327117,67954699,69061674,70182594,71275760,72319418,73318394,74322685,75373855,76342971,77324451,78458928,79961672,81790841
Iraq,24628858,25425663,26255343,27068823,27858948,28698684,28905607,28660887,29218381,30289040,31264875,32378061,33864447,35481800,36746488,37757813
Ireland,3805174,3866243,3931947,3996521,4070262,4159914,4273591,4398942,4489544,4535375,4560155,4580084,4599533,4623816,4657740,4701957
Isle of Man,75562,76398,77183,77939,78677,79415,80228,81100,81997,82915,83828,84350,84338,84144,83896,83593
Israel,6289000,6439000,6570000,6689700,6809000,6930100,7053700,7180100,7308800,7485600,7623600,7765800,7910500,8059500,8215700,8380100
Italy,56942108,56974100,57059007,57313203,57685327,57969484,58143979,58438310,58826731,59095365,59277417,59379449,59539717,60233948,60789140,60730582
Jamaica,2612205,2625405,2638244,2651027,2664024,2676863,2689660,2701221,2711373,2722401,2733896,2746169,2759817,2773129,2784543,2794445
Japan,126843000,127149000,127445000,127718000,127761000,127773000,127854000,128001000,128063000,128047000,128070000,127833000,127629000,127445000,127276000,127141000
Jordan,5056174,5163310,5275532,5396117,5532423,5678534,6075548,6473457,6632873,6780493,6931258,7109980,7211863,7694814,8658026,9494246
Kazakhstan,14883626,14858335,14858948,14909019,15012984,15147029,15308085,15484192,15776938,16092822,16321872,16557202,16792090,17035551,17288285,17542806
Kenya,30851606,31800343,32779823,33767122,34791836,35843010,36925253,38036793,39186895,40364444,41517895,42635144,43725806,44792368,45831863,46851488
Kiribati,88826,90531,92400,94302,96224,98164,100083,101998,103966,105996,107995,109871,111618,113311,114985,116707
Democratic People's Republic of Korea,23367059,23512522,23638411,23781707,23948930,24100982,24235761,24356506,24469047,24581509,24686435,24783789,24887770,25001819,25126131,25258015
Republic of Korea,47008111,47370164,47644736,47892330,48082519,48184561,48438292,48683638,49054708,49307835,49554112,49936638,50199853,50428893,50746659,51014947
Kosovo,1700000,1701154,1702310,1703466,1704622,1705780,1719536,1733404,1747383,1761474,1775680,1791000,1807106,1818117,1812771,1788196
Kuwait,1934901,1991674,2047364,2101506,2153481,2235403,2363409,2506769,2650930,2795550,2943356,3143825,3394663,3646518,3761584,3908743
Kyrgyzstan,4898400,4945100,4990700,5043300,5104700,5162600,5218400,5268400,5318700,5383300,5447900,5514600,5607200,5719600,5835500,5956900
Lao People's Democratic Republic,5430853,5519707,5606101,5689065,5768167,5852970,5946593,6041348,6135861,6229930,6323418,6416327,6508803,6600742,6691454,6787419
Late-demographic dividend,2046026051,2060709239,2074581734,2088091467,2101411095,2114895075,2128519993,2142132712,2156046215,2169857353,2182768187,2196512073,2212381413,2228485037,2244043359,2258406242
Latin America & Caribbean,521281149,528688278,535935546,542976557,549897638,556739532,563424119,569972223,576386180,582738079,588873862,595510008,602139396,608642242,615046755,621390109
Latin America & Caribbean (excluding high income),468125382,474817217,481353718,487688819,493917791,500076606,506094784,511989821,517759389,523473668,528978305,535014773,541048298,546954103,552781789,558562792
Latin America & the Caribbean (IDA & IBRD countries),505304844,512664811,519865563,526861169,533741619,540553499,547224720,553771247,560186837,566539590,572674666,579334666,585986944,592507619,598949385,605335594
Latvia,2367550,2337170,2310173,2287955,2263122,2238799,2218357,2200325,2177322,2141669,2097555,2059709,2034319,2012647,1993782,1977527
Least developed countries: UN classification,662018171,678096204,695718323,713914587,731736892,749852827,768211301,786317083,804637337,823699833,843512714,864134636,885375140,907133963,929398042,951928215
Lebanon,4320642,4389200,4446666,4504807,4574797,4643044,4719864,4809608,4887613,4951135,4995800,5045056,5178337,5678851,6274342,6398940
Lesotho,1998630,1999473,1997534,1993030,1985384,1977424,1976780,1983465,1995014,2009169,2022747,2037677,2054718,2073939,2095242,2118521
Liberia,2895224,2981648,3060599,3085173,3122447,3266318,3455397,3632740,3783887,3905066,4019956,4181150,4331740,4427313,4519398,4612329
Libya,5154790,5275916,5405326,5542641,5687563,5837986,5973369,6097177,6228370,6360191,6491988,6188132,5869870,5985221,6097764,6192235
Liechtenstein,33026,33376,33693,34000,34300,34603,34889,35150,35401,35675,35926,36189,36505,36806,37096,37355
Lithuania,3499536,3470818,3443067,3415213,3377075,3322528,3269909,3231294,3198231,3162916,3097282,3028115,2987773,2957689,2932367,2904910
Low & middle income,5017754094,5092597797,5167128185,5241165329,5315125594,5389050292,5462498035,5535561492,5609366954,5684454948,5760864582,5839424336,5919975340,6001075136,6082090949,6162303969
Low income,382593480,392924294,404771898,417212831,429354375,441886612,455313027,469010772,482640782,496609143,510897321,525506329,540002626,553835758,567702296,582173028
Lower middle income,2259879800,2303146181,2345451008,2387347922,2429871397,2471959522,2513577643,2555229019,2596637908,2638537324,2681991417,2726052485,2769675465,2813932332,2858673420,2902878488
Luxembourg,436300,441525,446175,451630,458095,465158,472637,479993,488650,497783,506953,518347,530946,543360,556319,569604
"Macao SAR, China",431896,439122,449665,462533,475529,488619,501863,515330,529038,543021,557297,571003,582766,593374,604167,615239
Madagascar,16216431,16709665,17211934,17724310,18250774,18792171,19350299,19924958,20513599,21117092,21731053,22348158,22966240,23588073,24215976,24850912
Malawi,11229387,11498818,11784498,12087965,12411342,12755648,13118307,13495463,13889423,14298932,14718422,15146094,15581251,16024775,16477966,16938942
Malaysia,22945150,23542517,24142445,24739411,25333247,25923536,26509413,27092604,27664296,28217204,28717731,29184133,29660212,30134807,30606459,31068833
Maldives,282507,287324,292284,297226,302135,307018,314401,325126,336883,349037,361575,374440,387539,400728,416738,435582
Mali,11239101,11583824,11952660,12342165,12751995,13180551,13623541,14080912,14551117,15032635,15529181,16039734,16514687,17004033,17551814,18112907
Malta,390087,393028,395969,398582,401268,403834,405308,406724,409379,412477,414508,416268,420028,425967,434558,445053
Marshall Islands,54224,54413,54496,54493,54435,54337,54208,54038,53816,53593,53416,52971,52203,51352,50419,49410
Mauritania,2695003,2761823,2821703,2883326,2946575,3012360,3081229,3153508,3233336,3322616,3419461,3524249,3636113,3742959,3843174,3946220
Mauritius,1186873,1196287,1204621,1213370,1221003,1228254,1233996,1239630,1244121,1247429,1250400,1252404,1255882,1258927,1261208,1262879
Mexico,97873442,99394288,100917081,102429341,103945813,105442402,106886790,108302973,109684489,111049428,112532401,114150481,115755909,117290686,118755887,120149897
Micronesia (Federated States of),111709,111948,111992,111805,111438,110940,110301,109532,108704,107868,107588,107887,108232,108609,109024,109462
Middle East & North Africa,321037453,327691655,333949565,340215354,347044925,354462370,362633997,371324802,380294099,389332369,397997557,406045323,414117603,422790409,431664579,440506473
Middle East & North Africa (excluding high income),283899110,289544085,294813993,300102895,305945780,311948573,317983066,324080392,330293304,336675037,343313330,349770162,356239722,363310225,370756356,378137339
Middle East & North Africa (IDA & IBRD countries),280976957,286546301,291738620,296947926,302709154,308628177,314576732,320585896,326701327,332985938,339527169,345887176,352259724,359233517,366582958,373867247
Middle income,4635160614,4699673503,4762356287,4823952498,4885771219,4947163680,5007185008,5066550720,5126726172,5187845805,5249967261,5313918007,5379972714,5447239378,5514388653,5580130941
Republic of Moldova,2924668,2918135,2911385,2903198,2896023,2888985,2880967,2874299,2868833,2865213,2862354,2860699,2860324,2859558,2857815,2835978
Monaco,32465,32444,32386,32316,32236,32141,32011,31823,31862,32401,33178,33945,34700,35425,36110,36760
Mongolia,2450979,2472601,2494617,2516454,2537949,2559255,2581242,2605643,2633887,2666713,2702520,2743938,2792349,2845153,2902823,2964749
Montenegro,604950,607389,609828,612267,613353,614261,615025,615875,616969,618294,619428,620079,620601,621207,621810,622159
Morocco,28554415,28930097,29301817,29661270,30033125,30431902,30833022,31232633,31634992,32042877,32464865,32903699,33352169,33803527,34248603,34680458
Mozambique,17768505,18220716,18694946,19186754,19694411,20211114,20735982,21280513,21845571,22436660,23073723,23760421,24487611,25251731,26038704,26843246
Myanmar,45538332,46014826,46480230,46924293,47338446,47724471,48088274,48445647,48729486,49015836,49390988,49794522,50218185,50648334,51072436,51483949
Namibia,1819141,1856402,1888525,1915425,1939406,1962865,1986558,2011492,2038552,2067919,2099271,2132340,2167470,2204510,2243001,2282704
Nauru,10377,10363,10351,10344,10335,10318,10294,10267,10243,10233,10241,10283,10444,10694,10940,11185
Nepal,24559500,24956071,25332178,25682908,26003965,26285110,26518971,26713655,26881544,27026941,27161567,27266399,27330694,27381555,27462106,27610325
Netherlands,15925513,16046180,16148929,16225302,16281779,16319868,16346101,16381696,16445593,16530388,16615394,16693074,16754962,16804432,16865008,16939923
New Caledonia,213230,217324,221490,225296,228750,232250,235750,239250,242750,245950,249750,254350,259000,263650,268050,269460
New Zealand,3857700,3880500,3948500,4027200,4087500,4133900,4184600,4223800,4259800,4302600,4350700,4384000,4408100,4442100,4516500,4609400
Nicaragua,5123222,5192764,5259006,5323062,5386223,5454678,5529811,5607453,5687744,5770639,5855734,5942553,6030607,6119379,6208676,6298598
Niger,11622665,12031430,12456517,12900790,13366885,13855221,14365168,14897873,15455175,16037915,16647543,17283112,17954407,18653199,19372014,20128124
Nigeria,122851984,126152678,129583026,133119801,136756848,140490722,144329764,148294028,152382506,156595758,160952853,165463745,170075932,174726123,179379016,183995785
North America,312909974,316052361,319048184,321815286,324809693,327824506,331015609,334185120,337406357,340466060,343397156,345987373,348656682,351207902,353888902,356507139
The former Yugoslav republic of Macedonia,2026350,2034882,2020157,2026773,2032544,2036855,2040228,2043559,2046898,2050671,2055004,2058539,2061044,2064032,2067471,2070226
Northern Mariana Islands,80338,79479,77162,74623,71898,69025,66060,63050,60032,57056,54087,52520,52359,52141,51856,51514
Norway,4490967,4513751,4538159,4564855,4591910,4623291,4660677,4709153,4768212,4828726,4889252,4953088,5018573,5079623,5137232,5188607
Not classified,,,,,,,,,,,,,,,,
OECD members,1200179492,1209244377,1218395986,1227425785,1236496893,1245447053,1254649810,1264209610,1273851101,1282681964,1291001492,1297544164,1305615104,1314072465,1323005691,1331743060
Oman,2344253,2374653,2403659,2431600,2468855,2515192,2560649,2605700,2651028,2697537,2881914,3206870,3535579,3816680,4009267,4191776
Other small states,21437978,21823886,22208079,22590088,22986615,23450481,24035320,24697686,25375277,26013714,26565994,27072916,27617274,28225790,28907552,29621042
Pacific island small states,2035672,2064193,2091909,2119122,2146140,2172802,2199540,2226078,2251506,2276149,2301401,2327284,2353058,2379069,2405308,2431426
Pakistan,154369924,159217727,163262807,166876680,170648620,174372098,178069984,181924521,185931955,190123222,194454498,198602738,202205861,205337562,208251628,210969298
Palau,19726,19828,19851,19880,19907,19831,19619,19366,19102,18826,18540,18240,17946,17805,17796,17794
Panama,3001731,3061024,3120990,3181608,3243311,3305868,3368573,3431614,3495276,3559343,3623617,3688674,3754862,3821556,3888793,3957099
Papua New Guinea,5508297,5698489,5892596,6090980,6293166,6498818,6708217,6921066,7137988,7358890,7583269,7806637,8026545,8245627,8464153,8682174
Paraguay,5123819,5211541,5286512,5353254,5416324,5476878,5534675,5590145,5645148,5702574,5768613,5843939,5923322,6005652,6090721,6177950
Peru,26654439,27014909,27334503,27623341,27893911,28147267,28381078,28600387,28806185,29009326,29229572,29477721,29749589,30038809,30353951,30711863
Philippines,77958223,79626086,81285572,82942837,84607501,86261250,87901835,89561377,91252326,92946951,94636700,96337913,98032317,99700107,101325201,103031365
Poland,38258629,38248076,38230364,38204570,38182222,38165445,38141267,38120560,38125759,38151603,38042794,38063255,38063164,38040196,38011735,37986412
Portugal,10289898,10362722,10419631,10458821,10483861,10503330,10522288,10542964,10558177,10568247,10573100,10557560,10514844,10457295,10401062,10358076
Post-demographic dividend,1020793420,1025680403,1030818658,1035935060,1041241254,1046468599,1052106032,1058252873,1064631968,1070085408,1075046427,1077987051,1082488958,1087230525,1092179620,1097061415
Pre-demographic dividend,553089230,568734640,586023563,604077372,621974508,640493810,659115651,677333522,697003893,718121906,739525992,761717101,784822780,808542070,832469778,856420253
Puerto Rico,3810605,3818774,3823701,3826095,3826878,3821362,3805214,3782995,3760866,3740410,3721525,3678732,3634488,3593077,3534874,3473232
Qatar,645937,678831,713186,748525,777943,848710,1015060,1231893,1444277,1610274,1713504,1804171,1905660,2035501,2214465,2414573
Romania,22442971,22131970,21730496,21574326,21451748,21319685,21193760,20882982,20537875,20367487,20246871,20147528,20058035,19983693,19908979,19815616
Russian Federation,146596869,145976482,145306497,144648618,144067316,143518814,143049637,142805114,142742366,142785349,142849468,142960908,143201721,143506995,143819667,144096870
Rwanda,8109989,8223941,8372306,8567992,8791853,9026299,9270066,9523168,9781996,10043737,10309031,10576932,10840334,11101350,11368451,11642959
Samoa,184008,185530,186630,187440,188073,188626,189379,190478,191787,193176,194672,196351,198124,199939,201757,203571
San Marino,26823,27335,27969,28601,29093,29508,29959,30372,30700,31059,31608,32495,33132,33285,33389,33570
Sao Tome and Principe,143714,146258,149841,153762,157697,161680,165725,169845,174004,178128,182138,186044,189924,193757,197497,201124
Saudi Arabia,21547390,22085929,22623415,23150847,23661808,24397644,25382870,26400068,27437353,28483797,29411929,30150945,30821543,31482498,32125564,32749848
Senegal,9704287,9938027,10180950,10434504,10698691,10974057,11263387,11563869,11872929,12195029,12530121,12875880,13231833,13595566,13970308,14356181
Serbia,7516346,7503433,7496522,7480591,7463157,7440769,7411569,7381579,7350222,7320807,7291436,7234099,7199077,7164132,7130576,7095383
Seychelles,81131,81202,83723,82781,82475,82858,84600,85033,86956,87298,89770,87441,88303,89949,91359,93419
Sierra Leone,4584067,4857096,5140113,5350907,5533329,5683334,5809774,5939163,6090860,6259842,6436698,6612385,6788587,6964859,7140688,7314773
Singapore,4027887,4138012,4175950,4114826,4166664,4265762,4401365,4588599,4839396,4987573,5076732,5183688,5312437,5399162,5469724,5535002
Sint Maarten (Dutch part),30519,30600,30777,31472,32488,33011,33441,33811,33964,34238,34056,33435,34640,36607,37685,38825
Slovakia,5388720,5378867,5376912,5373374,5372280,5372807,5373054,5374622,5379233,5386406,5391428,5398384,5407579,5413393,5418649,5423801
Slovenia,1988925,1992060,1994530,1995733,1997012,2000474,2006868,2018122,2021316,2039669,2048583,2052843,2057159,2059953,2061980,2063531
Small states,30055791,30514882,30971830,31425957,31893127,32425757,33079043,33808469,34550707,35254103,35871823,36444557,37059328,37740743,38493904,39277070
Solomon Islands,429978,440395,450760,461216,471785,482486,493430,504619,516001,527833,540394,553721,567763,582365,597375,612660
Somalia,8721465,9070747,9411103,9758281,10117354,10467292,10784973,11118092,11444870,11730037,12026649,12216837,12440326,12852485,13309235,13763906
South Africa,46813266,47229714,47661514,48104048,48556071,49017147,49491756,49996094,50565812,51170779,51784921,52443325,53145033,53873616,54729551,55876504
South Asia,1406945493,1434314654,1462070145,1489358080,1515703001,1541263909,1565892885,1589454615,1612709085,1636411632,1660546144,1684898004,1708706729,1731683901,1754030304,1775545180
South Asia (IDA & IBRD),1406945493,1434314654,1462070145,1489358080,1515703001,1541263909,1565892885,1589454615,1612709085,1636411632,1660546144,1684898004,1708706729,1731683901,1754030304,1775545180
South Sudan,6114440,6394431,6686100,6992367,7317118,7662654,8029517,8417823,8823888,9229227,9714419,10243050,10701604,11106031,11213284,11194299
Spain,40567864,40850412,41431558,42187645,42921895,43653155,44397319,45226803,45954106,46362946,46576897,46742697,46773055,46620045,46480882,46444832
Sri Lanka,18776371,18920275,19110707,19303180,19490431,19673866,19870706,20078655,20285643,20482477,20668557,20859743,21017147,21131756,21239457,21336697
Saint Kitts and Nevis,45461,45986,46264,46431,46580,46725,46874,47015,47156,47286,47403,47581,47727,47767,47789,47790
Saint Lucia,159500,160594,161799,163047,164239,165386,166470,167518,168576,169688,170935,172145,173124,173978,174804,175623
St. Martin (French part),29610,30387,31160,31929,32697,33452,34183,34887,35541,36132,36458,36350,36026,35639,35261,35020
Saint Vincent and the Grenadines,113813,113641,113450,113108,112608,112043,111427,110824,110316,109840,109308,108703,108083,107450,106912,106482
Sub-Saharan Africa,671212486,689161982,707693440,726785433,746546802,766978666,788110000,810019264,832642735,855885698,879797419,904282154,929328653,955096702,981506608,1008698799
Sub-Saharan Africa (excluding high income),671131355,689080780,707609717,726702652,746464327,766895808,788025400,809934231,832555779,855798400,879707649,904194713,929240350,955006753,981415249,1008605380
Sub-Saharan Africa (IDA & IBRD countries),671212486,689161982,707693440,726785433,746546802,766978666,788110000,810019264,832642735,855885698,879797419,904282154,929328653,955096702,981506608,1008698799
Sudan,26298773,26947253,27570318,28188977,28831550,29540577,30332968,31191163,32065241,32948155,33739933,34419624,35159792,35990704,37003245,38171178
Suriname,478998,487394,495666,503780,510572,516220,522023,527946,533938,539987,546080,552146,558111,563947,569682,575475
Sweden,8872109,8895960,8924958,8958229,8993531,9029572,9080505,9148092,9219637,9298515,9378126,9449213,9519374,9600379,9696110,9799186
Switzerland,7184250,7229854,7284753,7339001,7389625,7437115,7483934,7551117,7647675,7743831,7824909,7912398,7996861,8089346,8188649,8282396
Syrian Arab Republic,16307654,16727948,17164021,17611356,18084007,18583557,19432009,20703005,21474059,21827220,22337563,22730733,22605577,21495821,20072232,19205178
Tajikistan,6272998,6408810,6541755,6672492,6801204,6929145,7057417,7188391,7324627,7468596,7621779,7784819,7956382,8136610,8326348,8524063
United Republic of Tanzania,34463704,35414469,36353531,37333918,38360879,39439505,40562052,41716497,42870884,43957933,45110527,46416031,47786137,49253643,50814552,52542823
Thailand,63066603,63649892,64222580,64776956,65311166,65821360,66319525,66826754,67328239,67813654,68270489,68712846,69157023,69578602,69960943,70294397
Timor-Leste,878360,893001,909639,926721,945989,969313,994564,1019362,1043076,1065540,1088486,1112976,1137676,1161555,1184830,1205813
Togo,5008035,5145426,5281538,5421001,5565218,5711597,5874240,6047537,6222482,6398624,6571855,6748672,6926635,7106229,7288383,7473229
Tonga,102603,103210,103804,104410,105036,105633,106190,106638,106932,107144,107383,107611,107502,107089,106626,106122
Trinidad and Tobago,1332203,1338567,1345964,1353548,1361172,1369075,1376919,1384861,1392803,1401191,1410296,1420020,1430377,1440729,1450661,1460177
Tunisia,9893316,9995123,10094561,10193798,10292225,10388344,10483558,10580395,10680380,10784504,10895063,11032528,11174383,11300284,11428948,11557779
Turkey,64113547,65072018,65988663,66867327,67785075,68704715,69601333,70468869,71320726,72225639,73195345,74173854,75277439,76576117,78112073,79646178
Turkmenistan,4569132,4635094,4698968,4758988,4819792,4885775,4954029,5024894,5100083,5180957,5267970,5360811,5458682,5560095,5663152,5766431
Turks and Caicos Islands,18744,19578,20598,21739,22869,23995,25128,26268,27422,28581,29726,30816,32081,33594,34985,36538
Tuvalu,9638,9621,9609,9668,9791,9912,10030,10149,10272,10408,10550,10700,10854,10918,10899,10877
Uganda,24020697,24763325,25545090,26354736,27146084,27946588,28773227,29629804,30509862,31412520,32341728,33295738,34273295,35273570,36336539,37477356
Ukraine,49176500,48662400,48202470,47812949,47451626,47105171,46787786,46509355,46258189,46053331,45870741,45706086,45593342,45489648,45272155,45154036
United Arab Emirates,3275333,3454198,3633655,3813443,3993339,4280993,4898954,5872624,6988685,7992644,8481771,8575205,8664969,8751847,8835951,8916899
United Kingdom of Great Britain and Northern Ireland,58892514,59119673,59370479,59647577,59987905,60401206,60846820,61322463,61806995,62276270,62766365,63258810,63700215,64128273,64602298,65116219
United States of America,282162411,284968955,287625193,290107933,292805298,295516599,298379912,301231207,304093966,306771529,309327143,311583481,313877662,316059947,318386329,320738994
Upper middle income,2375280814,2396527322,2416905279,2436604576,2455899822,2475204158,2493607365,2511321701,2530088264,2549308481,2567975844,2587865522,2610297249,2633307046,2655715233,2677252453
Uruguay,3292224,3300939,3306441,3310202,3313801,3317665,3322282,3328651,3336126,3344156,3352651,3361637,3371133,3381180,3391662,3402818
Uzbekistan,24650400,24964450,25271850,25567650,25864350,26167000,26488250,26868000,27302800,27767400,28562400,29339400,29774500,30243200,30757700,31298900
Vanuatu,192074,197034,202125,207258,212422,217632,222923,228345,233952,239689,245453,251294,257313,263534,269927,276438
Venezuela (Bolivarian Republic of),24427729,24880203,25330929,25782029,26226927,26668785,27102081,27525097,27933833,28327892,28715022,29096159,29470426,29838021,30193258,30529716
Viet Nam,79001142,79817777,80642308,81475825,82311227,83142095,83951800,84762269,85597241,86482923,87411012,88349117,89301326,90267739,91235504,92191398
Virgin Islands (U.S.),108642,108549,108509,108505,108466,108453,108369,108337,108397,108404,108357,108290,108188,108041,107882,107712
West Bank and Gaza,2922153,2997784,3075373,3154969,3236626,3320396,3406334,3494496,3591977,3689099,3786161,3882986,3979998,4076708,4173398,4270092
World,6144321462,6226348086,6308140970,6389462496,6470924346,6552700448,6635110367,6717878341,6801710019,6885849785,6970038720,7053994597,7141487869,7229731581,7317970484,7405277863
Yemen,18628700,19143457,19660653,20188799,20733406,21320671,21966298,22641538,23329004,24029589,24743946,25475610,26223391,26984002,27753304,28516545
Zambia,9891136,10191964,10508294,10837973,11188040,11564870,11971567,12402073,12852966,13318087,13792086,14265814,14744658,15234976,15737793,16248230
Zimbabwe,11834676,11910978,11984644,12075828,12160881,12224753,12330490,12450568,12550347,12679810,12839771,13025785,13265331,13555422,13855753,14154937
